{"Test Recall_weighted":0.6766467065868264,"Test F1":0.7086580270330411,"Test Recall_macro":0.7049403366210804,"Test ROC":0.9211384125924095,"Test Acc":0.6766467065868264,"Val Loss":1.1398441791534424,"Val W_F1":0.6827435699916347,"_wandb":{"runtime":82},"_runtime":82.217270605,"_timestamp":1.7458292208092053e+09,"Val Acc":0.646,"Val Recall_macro":0.7068258855572288,"_step":1,"Test BAcc":0.7049403366210804,"Epoch":0,"Val BAcc":0.7068258855572288,"Val ROC":0.9210967670686182,"Val Recall_weighted":0.646}