{"Val Recall_weighted":0.7587209302325582,"_step":49,"Val Loss":0.7272065877914429,"_timestamp":1.7458913683590562e+09,"Val W_F1":0.756683578233892,"_runtime":445.387954073,"Val BAcc":0.6491364443622508,"Val Recall_macro":0.6491364443622508,"_wandb":{"runtime":457},"Val Acc":0.7587209302325582,"Epoch":49,"Val ROC":0.9356578188922274}