{"Val W_F1":0.7852046836731498,"_wandb":{"runtime":140},"Val Recall_weighted":0.7321739130434782,"_runtime":71.13387778,"_step":0,"Epoch":0,"Val Acc":0.7321739130434782,"Val Loss":1.028276801109314,"Val ROC":666,"Val Recall_macro":0.6814673046251993,"_timestamp":1.7458191669848087e+09,"Val BAcc":0.6814673046251993}