{"_step":50,"Val Recall_weighted":0.7994186046511628,"_timestamp":1.745827452467689e+09,"Val Loss":0.6649270057678223,"Val BAcc":0.6806049837017579,"Test Recall_macro":0.7607580040952305,"Test Acc":0.7874186550976139,"Test F1":0.7925088917793152,"Test ROC":NaN,"Test BAcc":0.7607580040952305,"Val Acc":0.7994186046511628,"Val ROC":NaN,"_runtime":887.749444013,"Epoch":49,"Val W_F1":0.7905089888744999,"Val Recall_macro":0.6806049837017579,"Test Recall_weighted":0.7874186550976139,"_wandb":{"runtime":888}}