{"Val Recall_weighted":0.7906976744186046,"Val W_F1":0.7812940862914406,"Val Loss":0.633878231048584,"Val ROC":0.9385225622576153,"Test Recall_macro":0.7397185216183075,"Test Acc":0.7874186550976139,"Test F1":0.7816121182937246,"_step":50,"Epoch":49,"_timestamp":1.7458296096479793e+09,"_wandb":{"runtime":910},"Test ROC":0.9563607993296396,"Val BAcc":0.7073413757284727,"Test Recall_weighted":0.7874186550976139,"_runtime":910.266939473,"Val Recall_macro":0.7073413757284727,"Test BAcc":0.7397185216183075,"Val Acc":0.7906976744186046}