{"Test ROC":666,"Val Recall_weighted":0.7321739130434782,"Val BAcc":0.6814673046251993,"Val ROC":666,"Val Recall_macro":0.6814673046251993,"Test Acc":0.7037337662337663,"Test F1":0.7541593738186819,"_timestamp":1.745820371573622e+09,"Test BAcc":0.7188460889663967,"_runtime":84.881660296,"_step":1,"Val Loss":1.028276801109314,"Val W_F1":0.7852046836731498,"Test Recall_weighted":0.7037337662337663,"Val Acc":0.7321739130434782,"Epoch":0,"Test Recall_macro":0.7188460889663967,"_wandb":{"runtime":85}}