{"_wandb":{"runtime":865},"Val Recall_weighted":0.7906976744186046,"Val W_F1":0.7812940862914406,"Test Acc":0.7874186550976139,"_timestamp":1.7458910491043284e+09,"_runtime":865.860726202,"Test BAcc":0.7397185216183075,"Val ROC":0.9385225622576153,"Val BAcc":0.7073413757284727,"_step":50,"Test Recall_macro":0.7397185216183075,"Val Loss":0.633878231048584,"Epoch":49,"Val Acc":0.7906976744186046,"Test F1":0.7816121182937246,"Val Recall_macro":0.7073413757284727,"Test ROC":0.9563607993296396,"Test Recall_weighted":0.7874186550976139}