{"Test ROC":0.9781076455171686,"Val BAcc":0.7843051351322028,"Test Recall_weighted":0.8847402597402597,"_wandb":{"runtime":1234},"Epoch":49,"Val Loss":0.3459063768386841,"Val ROC":0.9747349437922368,"_runtime":1233.979968724,"Test BAcc":0.8589142905178067,"Val Recall_weighted":0.9095652173913044,"_timestamp":1.745822789960681e+09,"Val Recall_macro":0.7843051351322028,"Val Acc":0.9095652173913044,"Test Acc":0.8847402597402597,"Test F1":0.8955727025972919,"_step":50,"Test Recall_macro":0.8589142905178067,"Val W_F1":0.9177886100652692}