{"Val BAcc":0.6417574238626871,"_step":1,"_timestamp":1.745821468662421e+09,"Test F1":0.6707043560780848,"Test ROC":0.891835986472726,"_runtime":33.559646926,"Epoch":0,"Val Recall_macro":0.6417574238626871,"Test BAcc":0.643062991205879,"Val W_F1":0.6876236141593344,"_wandb":{"runtime":33},"Test Recall_weighted":0.6071428571428571,"Val Loss":1.1858408451080322,"Val Acc":0.6226086956521739,"Val Recall_weighted":0.6226086956521739,"Test Acc":0.6071428571428571,"Val ROC":0.9143547224637282,"Test Recall_macro":0.643062991205879}