{"Val Recall_weighted":0.6226086956521739,"Val Loss":1.1858408451080322,"Val ROC":0.9143547224637282,"_timestamp":1.7458212782000115e+09,"Val W_F1":0.6876236141593344,"_wandb":{"runtime":58},"Epoch":0,"Val BAcc":0.6417574238626871,"Val Acc":0.6226086956521739,"_runtime":28.547500349,"Val Recall_macro":0.6417574238626871,"_step":0}