{"Val Acc":0.7321739130434782,"Val ROC":666,"Val W_F1":0.7852046836731498,"_timestamp":1.745818903756595e+09,"_step":0,"Val Recall_weighted":0.7321739130434782,"_runtime":70.640262105,"Epoch":0,"_wandb":{"runtime":79},"Val Loss":1.028276801109314,"Val BAcc":0.6814673046251993,"Val Recall_macro":0.6814673046251993}