{"_runtime":85.979742726,"Epoch":0,"Test Acc":0.6766467065868264,"Test BAcc":0.7049403366210804,"Val BAcc":0.7068258855572288,"Val W_F1":0.6827435699916347,"Val Loss":1.1398441791534424,"Val Acc":0.646,"Test ROC":0.9211384125924095,"_step":1,"Test F1":0.7086580270330411,"_timestamp":1.7458300030626097e+09,"Test Recall_macro":0.7049403366210804,"_wandb":{"runtime":86},"Val Recall_macro":0.7068258855572288,"Val ROC":0.9210967670686182,"Val Recall_weighted":0.646,"Test Recall_weighted":0.6766467065868264}