{"_runtime":3104.944361372,"Test BAcc":0.832508282172398,"Epoch":49,"_step":50,"Val Recall_weighted":0.9130434782608695,"Test ROC":0.9739036318350232,"Val Recall_macro":0.8065288763033124,"Val W_F1":0.9211676125118231,"Test Acc":0.8538961038961039,"Test Recall_weighted":0.8538961038961039,"Val ROC":0.9655170176381749,"Val BAcc":0.8065288763033124,"Val Loss":0.3293744623661041,"_timestamp":1.7458246174027e+09,"Val Acc":0.9130434782608695,"_wandb":{"runtime":3105},"Test F1":0.867224272251137,"Test Recall_macro":0.832508282172398}